keyword,volume,kd,traffic_potential,parent,cluster,target_page,page_status
lto meaning,3300,0,30,what is an lto,Ambiguous head terms,/lto-tape (secondary),mixed intent
lto,2200,0,0,lto,Ambiguous head terms,/lto-tape (secondary),mixed intent
ultrium,600,56,150,ultrium,Ambiguous head terms,/lto-tape (secondary),mixed intent
what is lto,450,30,250,lto meaning,Ambiguous head terms,/lto-tape (secondary),mixed intent
what does lto mean,200,0,20,what is an lto,Ambiguous head terms,/lto-tape (secondary),mixed intent
what does lto stand for,200,0,30,what does lto mean,Ambiguous head terms,/lto-tape (secondary),mixed intent
what is an lto,150,7,1600,lto tape,Ambiguous head terms,/lto-tape (secondary),mixed intent
lto acronym,60,,,,Ambiguous head terms,/lto-tape (secondary),mixed intent
what is a lto,40,11,1500,lto tape,Ambiguous head terms,/lto-tape (secondary),mixed intent
lto definition,40,0,30,lto meaning food,Ambiguous head terms,/lto-tape (secondary),mixed intent
lto stands for,30,,,,Ambiguous head terms,/lto-tape (secondary),mixed intent
whats an lto,30,,,,Ambiguous head terms,/lto-tape (secondary),mixed intent
lto abbreviation,30,,,,Ambiguous head terms,/lto-tape (secondary),mixed intent
what is lto?,20,,,,Ambiguous head terms,/lto-tape (secondary),mixed intent
what lto stands for,10,,,,Ambiguous head terms,/lto-tape (secondary),mixed intent
lto full form,10,,,,Ambiguous head terms,/lto-tape (secondary),mixed intent
what is an lto?,10,,,,Ambiguous head terms,/lto-tape (secondary),mixed intent
what does lto,10,,,,Ambiguous head terms,/lto-tape (secondary),mixed intent
lto acronym meaning,10,,,,Ambiguous head terms,/lto-tape (secondary),mixed intent
what does lto mean?,10,,,,Ambiguous head terms,/lto-tape (secondary),mixed intent
whats a lto,10,,,,Ambiguous head terms,/lto-tape (secondary),mixed intent
lto backup software,40,0,10,lto backup software,Backup and archive software,/best-tape-backup-software,exists
lto tape backup software,30,1,20,tape backup software,Backup and archive software,/best-tape-backup-software,exists
lto archive software,10,,,,Backup and archive software,/best-tape-backup-software,exists
lto backup service,10,,,,Backup and archive software,/best-tape-backup-software,exists
lto 8 capacity,80,3,100,lto-8,Capacity and sizes,/lto-tape-capacity,new
lto tape capacity,60,3,1500,lto tape,Capacity and sizes,/lto-tape-capacity,new
lto tape sizes,40,1,1700,lto tape,Capacity and sizes,/lto-tape-capacity,new
lto 7 capacity,30,1,90,lto 7 capacity,Capacity and sizes,/lto-tape-capacity,new
lto 6 capacity,30,0,90,lto 7 capacity,Capacity and sizes,/lto-tape-capacity,new
lto capacity,20,5,1300,lto tape,Capacity and sizes,/lto-tape-capacity,new
dell lto 9 capacity,20,,,,Capacity and sizes,/lto-tape-capacity,new
lto 9 capacity,20,9,90,lto 7 capacity,Capacity and sizes,/lto-tape-capacity,new
powervault lto 7 capacity,20,,,,Capacity and sizes,/lto-tape-capacity,new
dell lto 8 capacity,20,,,,Capacity and sizes,/lto-tape-capacity,new
lto 5 tape capacity,20,1,10,lto tape capacity,Capacity and sizes,/lto-tape-capacity,new
lto-8 capacity,20,4,80,lto 7 capacity,Capacity and sizes,/lto-tape-capacity,new
dell lto 7 capacity,20,,,,Capacity and sizes,/lto-tape-capacity,new
lto 5 capacity,10,1,90,lto 7 capacity,Capacity and sizes,/lto-tape-capacity,new
lto-9 native capacity 18 tb,10,,,,Capacity and sizes,/lto-tape-capacity,new
lto-6 tape capacity,10,,,,Capacity and sizes,/lto-tape-capacity,new
lto-10 native capacity,10,,,,Capacity and sizes,/lto-tape-capacity,new
lto-9 capacity,10,0,0,lto tape capacity chart,Capacity and sizes,/lto-tape-capacity,new
lto 7 tape capacity,10,6,90,lto 7 capacity,Capacity and sizes,/lto-tape-capacity,new
lto-8 tape capacity,10,2,90,lto 7 capacity,Capacity and sizes,/lto-tape-capacity,new
lto-7 capacity,10,0,90,lto 7 capacity,Capacity and sizes,/lto-tape-capacity,new
lto tape drive capacity,10,,,,Capacity and sizes,/lto-tape-capacity,new
lto 8 tape capacity,10,0,80,lto 7 capacity,Capacity and sizes,/lto-tape-capacity,new
lto tapes,250,18,1500,lto tape,Cartridges and brands,/lto-tape-brand,exists
lto tape cartridge,50,,,,Cartridges and brands,/lto-tape-brand,exists
dell lto tape,20,,,,Cartridges and brands,/lto-tape-brand,exists
lto ultrium tape cartridge,20,,,,Cartridges and brands,/lto-tape-brand,exists
emc lto tape,20,,,,Cartridges and brands,/lto-tape-brand,exists
lto media,20,0,1100,lto tape,Cartridges and brands,/lto-tape-brand,exists
lto backup tapes,20,7,1700,lto tape,Cartridges and brands,/lto-tape-brand,exists
ibm ultrium tape,10,,,,Cartridges and brands,/lto-tape-brand,exists
ibm power server ultrium,10,,,,Cartridges and brands,/lto-tape-brand,exists
lto tape cartridges,10,,,,Cartridges and brands,/lto-tape-brand,exists
lto data cartridge,10,,,,Cartridges and brands,/lto-tape-brand,exists
lto tape cartridge data storage,10,,,,Cartridges and brands,/lto-tape-brand,exists
lto tape cartridge data center,10,,,,Cartridges and brands,/lto-tape-brand,exists
lto ultrium tapes,10,,,,Cartridges and brands,/lto-tape-brand,exists
lto ultrium cartridge,10,,,,Cartridges and brands,/lto-tape-brand,exists
lto magnetic tape cartridge,10,,,,Cartridges and brands,/lto-tape-brand,exists
ultrium cartridge,10,,,,Cartridges and brands,/lto-tape-brand,exists
what are lto tapes,10,,,,Cartridges and brands,/lto-tape-brand,exists
ibm lto tape,10,,,,Cartridges and brands,/lto-tape-brand,exists
lto tape shredder,30,,,,"Cleaning, labels, accessories",/resources/lto-cleaning-tapes-and-labels,new
lto cleaning tape label,20,,,,"Cleaning, labels, accessories",/resources/lto-cleaning-tapes-and-labels,new
lto tape case,20,,,,"Cleaning, labels, accessories",/resources/lto-cleaning-tapes-and-labels,new
lto 2d barcode scanner,20,,,,"Cleaning, labels, accessories",/resources/lto-cleaning-tapes-and-labels,new
lto tape labels,20,0,0,barcode tape,"Cleaning, labels, accessories",/resources/lto-cleaning-tapes-and-labels,new
lto cleaning cartridge number of passes,10,,,,"Cleaning, labels, accessories",/resources/lto-cleaning-tapes-and-labels,new
fujifilm lto ultrium cleaning cartridge,10,,,,"Cleaning, labels, accessories",/resources/lto-cleaning-tapes-and-labels,new
lto tape destruction,10,,,,"Cleaning, labels, accessories",/resources/lto-cleaning-tapes-and-labels,new
lto cleaning tapes,10,,,,"Cleaning, labels, accessories",/resources/lto-cleaning-tapes-and-labels,new
lto tape dimensions,10,,,,"Cleaning, labels, accessories",/resources/lto-cleaning-tapes-and-labels,new
lto tape cartridge close up,10,,,,"Cleaning, labels, accessories",/resources/lto-cleaning-tapes-and-labels,new
lto cleaning tape labels,10,,,,"Cleaning, labels, accessories",/resources/lto-cleaning-tapes-and-labels,new
lto cleaning tape,10,0,0,lto cleaning tape,"Cleaning, labels, accessories",/resources/lto-cleaning-tapes-and-labels,new
lto tape storage rack,10,,,,"Cleaning, labels, accessories",/resources/lto-cleaning-tapes-and-labels,new
lto tape vs hard drive,40,,,,Comparisons,/why-tape/lto-vs-hdd,exists
[lto vs object storage],30,,,,Comparisons,/why-tape/lto-vs-hdd,exists
dlt vs lto,10,,,,Comparisons,/why-tape/lto-vs-hdd,exists
lto tape data recovery,90,,,,Data recovery,/resources/lto-tape-data-recovery,new
recover data lto 5 drive,30,,,,Data recovery,/resources/lto-tape-data-recovery,new
recover data lto 4 tape drive,30,,,,Data recovery,/resources/lto-tape-data-recovery,new
data recovery lto 3 tape drive,30,,,,Data recovery,/resources/lto-tape-data-recovery,new
lto 5 data recovery,30,,,,Data recovery,/resources/lto-tape-data-recovery,new
lto 4 drive data recovery,30,,,,Data recovery,/resources/lto-tape-data-recovery,new
data recovery lto 5 drive,30,,,,Data recovery,/resources/lto-tape-data-recovery,new
recover data lto 2 tape drive,30,,,,Data recovery,/resources/lto-tape-data-recovery,new
recover lto 4,30,,,,Data recovery,/resources/lto-tape-data-recovery,new
lto 6 data recovery,30,,,,Data recovery,/resources/lto-tape-data-recovery,new
recover data lto 6 drive,30,,,,Data recovery,/resources/lto-tape-data-recovery,new
lto 3 tape drive data recovery,30,,,,Data recovery,/resources/lto-tape-data-recovery,new
data recovery lto 6 tape drive,30,,,,Data recovery,/resources/lto-tape-data-recovery,new
data recovery lto 4 drive,30,,,,Data recovery,/resources/lto-tape-data-recovery,new
recover data lto 5 tape drive,30,,,,Data recovery,/resources/lto-tape-data-recovery,new
lto 3 drive data recovery,30,,,,Data recovery,/resources/lto-tape-data-recovery,new
recover data lto 4 drive,30,,,,Data recovery,/resources/lto-tape-data-recovery,new
lto 4 recovery,30,,,,Data recovery,/resources/lto-tape-data-recovery,new
recover data lto 6 tape drive,30,,,,Data recovery,/resources/lto-tape-data-recovery,new
lto 4 data recovery,30,,,,Data recovery,/resources/lto-tape-data-recovery,new
recover lto 5,30,,,,Data recovery,/resources/lto-tape-data-recovery,new
lto 3 tape drive recovery,30,,,,Data recovery,/resources/lto-tape-data-recovery,new
recover lto 6,30,,,,Data recovery,/resources/lto-tape-data-recovery,new
lto 6 drive data recovery,20,,,,Data recovery,/resources/lto-tape-data-recovery,new
lto 6 tape drive data recovery,20,,,,Data recovery,/resources/lto-tape-data-recovery,new
lto 5 tape drive data recovery,20,,,,Data recovery,/resources/lto-tape-data-recovery,new
data recovery lto 5 tape drive,20,,,,Data recovery,/resources/lto-tape-data-recovery,new
data recovery lto 6 drive,20,,,,Data recovery,/resources/lto-tape-data-recovery,new
lto 4 drive recovery,20,,,,Data recovery,/resources/lto-tape-data-recovery,new
lto 6 drive recovery,20,,,,Data recovery,/resources/lto-tape-data-recovery,new
lto 4 tape drive recovery,20,,,,Data recovery,/resources/lto-tape-data-recovery,new
lto 2 tape drive data recovery,20,,,,Data recovery,/resources/lto-tape-data-recovery,new
lto 5 drive data recovery,20,,,,Data recovery,/resources/lto-tape-data-recovery,new
data recovery lto 4 tape drive,20,,,,Data recovery,/resources/lto-tape-data-recovery,new
recover data lto 2 drive,20,,,,Data recovery,/resources/lto-tape-data-recovery,new
data recovery lto 2 tape drive,20,,,,Data recovery,/resources/lto-tape-data-recovery,new
lto 5 recovery,20,,,,Data recovery,/resources/lto-tape-data-recovery,new
data recovery lto 2 drive,20,,,,Data recovery,/resources/lto-tape-data-recovery,new
lto 2 data recovery,20,,,,Data recovery,/resources/lto-tape-data-recovery,new
lto 2 recovery,20,,,,Data recovery,/resources/lto-tape-data-recovery,new
lto 3 data recovery,20,,,,Data recovery,/resources/lto-tape-data-recovery,new
lto 2 drive data recovery,20,,,,Data recovery,/resources/lto-tape-data-recovery,new
lto 6 recovery,20,,,,Data recovery,/resources/lto-tape-data-recovery,new
data recovery lto 3 drive,20,,,,Data recovery,/resources/lto-tape-data-recovery,new
recover lto 3,20,,,,Data recovery,/resources/lto-tape-data-recovery,new
lto 3 drive recovery,20,,,,Data recovery,/resources/lto-tape-data-recovery,new
recover data lto 3 drive,20,,,,Data recovery,/resources/lto-tape-data-recovery,new
lto 2 tape drive recovery,20,,,,Data recovery,/resources/lto-tape-data-recovery,new
lto 4 tape drive data recovery,20,,,,Data recovery,/resources/lto-tape-data-recovery,new
lto 2 drive recovery,20,,,,Data recovery,/resources/lto-tape-data-recovery,new
recover data lto 3 tape drive,20,,,,Data recovery,/resources/lto-tape-data-recovery,new
lto 6 tape drive recovery,20,,,,Data recovery,/resources/lto-tape-data-recovery,new
lto 5 drive recovery,20,,,,Data recovery,/resources/lto-tape-data-recovery,new
recover lto 2,20,,,,Data recovery,/resources/lto-tape-data-recovery,new
lto 5 tape drive recovery,20,,,,Data recovery,/resources/lto-tape-data-recovery,new
lto 3 recovery,20,,,,Data recovery,/resources/lto-tape-data-recovery,new
lto tape drive,1000,2,600,lto tape drive,Drives,/why-tape/lto-tape-drive,exists
lto drive,250,6,600,lto tape drive,Drives,/why-tape/lto-tape-drive,exists
lto 6 drive,100,54,40,lto 6 drive,Drives,/why-tape/lto-tape-drive,exists
owc mercury pro lto-9 tape storage drive,80,,,,Drives,/why-tape/lto-tape-drive,exists
lto 8 tape drive,70,3,250,lto-8,Drives,/why-tape/lto-tape-drive,exists
lto tape drives,70,6,70,lto tape drive,Drives,/why-tape/lto-tape-drive,exists
ibm lto 9 tape drive,60,0,40,ibm lto 9 tape drive,Drives,/why-tape/lto-tape-drive,exists
lto 6 tape drive,60,54,100,lto6,Drives,/why-tape/lto-tape-drive,exists
lto-7 tape drive,50,4,20,bb874a,Drives,/why-tape/lto-tape-drive,exists
lto 7 tape drive,50,6,20,lto-7 tape,Drives,/why-tape/lto-tape-drive,exists
lto 9 tape drive,40,5,150,lto8,Drives,/why-tape/lto-tape-drive,exists
lto ultrium tape drive,40,23,100,lto tape drive,Drives,/why-tape/lto-tape-drive,exists
hpe storeever lto-8 ultrium 30750 external tape drive,40,,,,Drives,/why-tape/lto-tape-drive,exists
lto tape reader,40,,,,Drives,/why-tape/lto-tape-drive,exists
lto-6 tape drive,40,57,40,lto tape drive,Drives,/why-tape/lto-tape-drive,exists
lto drives,40,7,60,lto tape drive,Drives,/why-tape/lto-tape-drive,exists
lto 10 tape drive,40,,,,Drives,/why-tape/lto-tape-drive,exists
hpe storeever lto-9 ultrium external tape drive,40,,,,Drives,/why-tape/lto-tape-drive,exists
lto 10 drive,40,,,,Drives,/why-tape/lto-tape-drive,exists
lto 8 drive,40,0,250,lto-8,Drives,/why-tape/lto-tape-drive,exists
lto-9 tape drive,30,12,200,lto-8,Drives,/why-tape/lto-tape-drive,exists
owc mercury pro lto-7 tape storage drive,30,,,,Drives,/why-tape/lto-tape-drive,exists
dell lto 9 tape drive,30,,,,Drives,/why-tape/lto-tape-drive,exists
dell powervault lto,30,,,,Drives,/why-tape/lto-tape-drive,exists
powervault lto-7,30,,,,Drives,/why-tape/lto-tape-drive,exists
lto-8 drive,30,0,150,lto8,Drives,/why-tape/lto-tape-drive,exists
powervault lto-9,30,,,,Drives,/why-tape/lto-tape-drive,exists
lto-8 tape drive,30,0,100,lto 8 tape drive,Drives,/why-tape/lto-tape-drive,exists
lto-10 tape drive,30,,,,Drives,/why-tape/lto-tape-drive,exists
lto-10 drive,30,,,,Drives,/why-tape/lto-tape-drive,exists
hp lto-5 ultrium 3000 tape drive,30,,,,Drives,/why-tape/lto-tape-drive,exists
lto-5 tape drive,20,1,30,lto5 drive,Drives,/why-tape/lto-tape-drive,exists
ultrium 5 drive,20,,,,Drives,/why-tape/lto-tape-drive,exists
dell lto 7 tape drive,20,,,,Drives,/why-tape/lto-tape-drive,exists
hpe storeever lto-8 ultrium 30750,20,0,50,bc023a,Drives,/why-tape/lto-tape-drive,exists
dell powervault lto-8,20,,,,Drives,/why-tape/lto-tape-drive,exists
owc lto,20,1,10,owc lto,Drives,/why-tape/lto-tape-drive,exists
lto-6 drive,20,52,40,lto 6 drive,Drives,/why-tape/lto-tape-drive,exists
powervault lto 8 tape,20,,,,Drives,/why-tape/lto-tape-drive,exists
lto 9 drive,20,0,20,lto 9 drive,Drives,/why-tape/lto-tape-drive,exists
dell powervault lto-7,20,,,,Drives,/why-tape/lto-tape-drive,exists
lto 5 drive,20,1,20,lto 5 tape drive,Drives,/why-tape/lto-tape-drive,exists
dell lto 8 tape drive,20,,,,Drives,/why-tape/lto-tape-drive,exists
powervault lto tape drives,20,,,,Drives,/why-tape/lto-tape-drive,exists
lto reader,20,,,,Drives,/why-tape/lto-tape-drive,exists
lto 5 tape drive,20,1,20,lto-5 tape drive,Drives,/why-tape/lto-tape-drive,exists
dell lto 7 drive,20,,,,Drives,/why-tape/lto-tape-drive,exists
emc lto tape drives,20,,,,Drives,/why-tape/lto-tape-drive,exists
powervault lto 7 tape drive,20,,,,Drives,/why-tape/lto-tape-drive,exists
powervault lto-8,20,,,,Drives,/why-tape/lto-tape-drive,exists
dell powervault lto-9,20,,,,Drives,/why-tape/lto-tape-drive,exists
ibm lto tape drive,20,,,,Drives,/why-tape/lto-tape-drive,exists
dell lto 9 drive,20,,,,Drives,/why-tape/lto-tape-drive,exists
powervault lto 9 tape,20,,,,Drives,/why-tape/lto-tape-drive,exists
powervault lto 7 drive,20,,,,Drives,/why-tape/lto-tape-drive,exists
powervault lto 9 tape drive,20,,,,Drives,/why-tape/lto-tape-drive,exists
dell lto tape drive,20,0,,,Drives,/why-tape/lto-tape-drive,exists
dell lto 8 drive,20,,,,Drives,/why-tape/lto-tape-drive,exists
lto 7 drive,20,0,30,lto 7 drive,Drives,/why-tape/lto-tape-drive,exists
hpe storeever lto-7 ultrium 15000 tape drive,10,,,,Drives,/why-tape/lto-tape-drive,exists
ultrium tape drive,10,1,100,lto tape drive,Drives,/why-tape/lto-tape-drive,exists
mlogic mtape lto-6 thunderbolt 3 archiving drive,10,,,,Drives,/why-tape/lto-tape-drive,exists
quantum lto ultrium 5 tape drive,10,,,,Drives,/why-tape/lto-tape-drive,exists
usb lto drive,10,,,,Drives,/why-tape/lto-tape-drive,exists
lto drive deck,10,,,,Drives,/why-tape/lto-tape-drive,exists
lto tape writer,10,,,,Drives,/why-tape/lto-tape-drive,exists
lto tape reader writer,10,,,,Drives,/why-tape/lto-tape-drive,exists
rent lto tape drive,10,,,,Drives,/why-tape/lto-tape-drive,exists
lto-9 drive,10,0,10,lto-9 tape drive,Drives,/why-tape/lto-tape-drive,exists
ibm lto 6 tape drive,10,,,,Drives,/why-tape/lto-tape-drive,exists
thunderbolt lto drive,10,,,,Drives,/why-tape/lto-tape-drive,exists
owc mercury pro lto,10,,,,Drives,/why-tape/lto-tape-drive,exists
owc lto drive,10,,,,Drives,/why-tape/lto-tape-drive,exists
quantum lto-9 tape drive,10,,,,Drives,/why-tape/lto-tape-drive,exists
quantum lto-5 tape drive,10,,,,Drives,/why-tape/lto-tape-drive,exists
owc archive pro lto-9 tape storage solution,10,,,,Drives,/why-tape/lto-tape-drive,exists
hpe storeever lto 6 ultrium 6250 tape drive quickspecs,10,,,,Drives,/why-tape/lto-tape-drive,exists
lto backup drive,10,,,,Drives,/why-tape/lto-tape-drive,exists
lto 4 tape drive,10,,,,Drives,/why-tape/lto-tape-drive,exists
owc archive pro lto-8 tape storage solution,10,,,,Drives,/why-tape/lto-tape-drive,exists
lto ultrium drive,10,,,,Drives,/why-tape/lto-tape-drive,exists
tape drive lto ultrium,10,,,,Drives,/why-tape/lto-tape-drive,exists
ultrium tape drives,10,,,,Drives,/why-tape/lto-tape-drive,exists
external lto tape drive,10,,,,Drives,/why-tape/lto-tape-drive,exists
unitex lto,10,,,,Drives,/why-tape/lto-tape-drive,exists
quantum lto tape drive,10,,,,Drives,/why-tape/lto-tape-drive,exists
lto drive rental,10,,,,Drives,/why-tape/lto-tape-drive,exists
lto 8 tape drives,10,,,,Drives,/why-tape/lto-tape-drive,exists
usb lto tape drive,10,,,,Drives,/why-tape/lto-tape-drive,exists
lto-4 drive,10,,,,Drives,/why-tape/lto-tape-drive,exists
tape drive lto,10,,,,Drives,/why-tape/lto-tape-drive,exists
quantum lto 9 tape drive for sale,10,,,,Drives,/why-tape/lto-tape-drive,exists
mlogic mtape lto-8 thunderbolt 3 archiving drive,10,,,,Drives,/why-tape/lto-tape-drive,exists
quantum lto-8 tape drive,10,,,,Drives,/why-tape/lto-tape-drive,exists
hpe storeever lto-9 ultrium 45000 external tape drive,10,,,,Drives,/why-tape/lto-tape-drive,exists
​hpe storeever ultrium 45000 tape drive,10,,,,Drives,/why-tape/lto-tape-drive,exists
lto ultrium tape drives,10,,,,Drives,/why-tape/lto-tape-drive,exists
hpe storeever lto-8,10,,,,Drives,/why-tape/lto-tape-drive,exists
lto tape drive usb,10,,,,Drives,/why-tape/lto-tape-drive,exists
lto-9,100,12,1300,lto tape,Generation pages,/lto-tape-price-trend/lto9-price,expand
lto 10,90,6,1600,lto tape,Generation pages,/lto-tape-price-trend/lto10-price,expand
lto 8,80,5,1300,lto tape,Generation pages,/lto-tape-price-trend/lto8-price,expand
lto-8,80,8,150,lto8,Generation pages,/lto-tape-price-trend/lto8-price,expand
lto-10,80,6,1500,lto tape,Generation pages,/lto-tape-price-trend/lto10-price,expand
lto 8 tape,70,4,200,lto-8,Generation pages,/lto-tape-price-trend/lto8-price,expand
lto 6,60,0,1100,lto tape,Generation pages,/lto-tape-price-trend/lto6-price,expand
hpe lto-9 ultrium 45tb rw data cartridge,60,,,,Generation pages,/lto-tape-price-trend/lto9-price,expand
lto-7,60,1,1500,lto tape,Generation pages,/lto-tape-price-trend/lto7-price,expand
lto 9,50,23,60,lto 9,Generation pages,/lto-tape-price-trend/lto9-price,expand
ibm lto 8,50,,,,Generation pages,/lto-tape-price-trend/lto8-price,expand
lto 7,50,1,1700,lto tape,Generation pages,/lto-tape-price-trend/lto7-price,expand
lto 7 tape,40,59,20,lto 7 tape,Generation pages,/lto-tape-price-trend/lto7-price,expand
ibm lto 7,40,,,,Generation pages,/lto-tape-price-trend/lto7-price,expand
lto-9 tape,40,9,10,ibm lto 9 tape drive,Generation pages,/lto-tape-price-trend/lto9-price,expand
lto 10 tape,40,,,,Generation pages,/lto-tape-price-trend/lto10-price,expand
lto 9 tape,40,28,30,lto-9 tape,Generation pages,/lto-tape-price-trend/lto9-price,expand
lto-8 tape,40,3,80,lto8,Generation pages,/lto-tape-price-trend/lto8-price,expand
lto 6 tape,30,0,40,lto 6,Generation pages,/lto-tape-price-trend/lto6-price,expand
lto-10 tape,30,,,,Generation pages,/lto-tape-price-trend/lto10-price,expand
ibm lto ultrium 6 data cartridge,30,,,,Generation pages,/lto-tape-price-trend/lto6-price,expand
dell lto 9 tape,20,,,,Generation pages,/lto-tape-price-trend/lto9-price,expand
lto 9 tapes,20,8,20,lto-9 tape,Generation pages,/lto-tape-price-trend/lto9-price,expand
ultrium 7 tapes,20,,,,Generation pages,/lto-tape-price-trend/lto7-price,expand
lto-9 tape cartridge,20,,,,Generation pages,/lto-tape-price-trend/lto9-price,expand
lto-5,20,0,1500,lto tape,Generation pages,/lto-tape (older generations section),expand
lto ultrium 3,20,,,,Generation pages,/lto-tape (older generations section),expand
dell lto 8 tape,20,,,,Generation pages,/lto-tape-price-trend/lto8-price,expand
lto-6,20,0,1300,lto tape,Generation pages,/lto-tape-price-trend/lto6-price,expand
lto 8 tapes,20,3,50,lto-8 tape,Generation pages,/lto-tape-price-trend/lto8-price,expand
symplypro xtf sas lto-10,10,,,,Generation pages,/lto-tape-price-trend/lto10-price,expand
fujifilm lto ultrium 9 data cartridge,10,,,,Generation pages,/lto-tape-price-trend/lto9-price,expand
ultrium 5 tapes,10,,,,Generation pages,/lto-tape (older generations section),expand
ultrium 6 tapes,10,,,,Generation pages,/lto-tape-price-trend/lto6-price,expand
lto-5 tape,10,,,,Generation pages,/lto-tape (older generations section),expand
lto-10 tapes,10,,,,Generation pages,/lto-tape-price-trend/lto10-price,expand
lto-2,10,,,,Generation pages,/lto-tape (older generations section),expand
hp lto-6 ultrium 6250,10,,,,Generation pages,/lto-tape-price-trend/lto6-price,expand
lto 7 ultrium tape,10,,,,Generation pages,/lto-tape-price-trend/lto7-price,expand
fuji lto 8 tape,10,,,,Generation pages,/lto-tape-price-trend/lto8-price,expand
lto 5 tape,10,1,30,lto5 tape,Generation pages,/lto-tape (older generations section),expand
fujifilm data cartridge lto-9,10,,,,Generation pages,/lto-tape-price-trend/lto9-price,expand
lto 10 tapes,10,,,,Generation pages,/lto-tape-price-trend/lto10-price,expand
quantum lto 9 tape,10,,,,Generation pages,/lto-tape-price-trend/lto9-price,expand
lto-7 tape,10,0,20,lto 7 tape drive,Generation pages,/lto-tape-price-trend/lto7-price,expand
lto 3 tape,10,0,10,lto 3 tape,Generation pages,/lto-tape (older generations section),expand
lto-9 tapes,10,0,10,lto 9 tape,Generation pages,/lto-tape-price-trend/lto9-price,expand
lto 3,10,0,1100,lto tape,Generation pages,/lto-tape (older generations section),expand
fujifilm lto 8 tapes,10,,,,Generation pages,/lto-tape-price-trend/lto8-price,expand
ultrium 2,10,,,,Generation pages,/lto-tape (older generations section),expand
fujifilm lto 9 tape,10,,,,Generation pages,/lto-tape-price-trend/lto9-price,expand
ultrium 100 200gb,10,,,,Generation pages,/lto-tape (older generations section),expand
fujifilm lto 7 tapes,10,,,,Generation pages,/lto-tape-price-trend/lto7-price,expand
lto 4,10,2,1300,lto tape,Generation pages,/lto-tape (older generations section),expand
lto-4,10,2,1500,lto tape,Generation pages,/lto-tape (older generations section),expand
fujifilm lto ultrium 8 data cartridge,10,,,,Generation pages,/lto-tape-price-trend/lto8-price,expand
ibm lto 8 tape,10,,,,Generation pages,/lto-tape-price-trend/lto8-price,expand
ibm lto-9 tape,10,,,,Generation pages,/lto-tape-price-trend/lto9-price,expand
hpe lto 9 tape,10,,,,Generation pages,/lto-tape-price-trend/lto9-price,expand
fujifilm lto ultrium 8 data cartridge 16551221,10,,,,Generation pages,/lto-tape-price-trend/lto8-price,expand
ibm lto ultrium 7 data cartridge,10,,,,Generation pages,/lto-tape-price-trend/lto7-price,expand
fujifilm lto 9 data cartridge,10,,,,Generation pages,/lto-tape-price-trend/lto9-price,expand
lto 6 tapes,10,0,40,lto 6,Generation pages,/lto-tape-price-trend/lto6-price,expand
lto-10 tape cartridge,10,,,,Generation pages,/lto-tape-price-trend/lto10-price,expand
lto-3,10,,,,Generation pages,/lto-tape (older generations section),expand
lto-9 cartridge,10,,,,Generation pages,/lto-tape-price-trend/lto9-price,expand
ltfs,250,18,10,linear tape file system,LTFS,/resources/ltfs,new
hpe ltfs software download,10,,,,LTFS,/resources/ltfs,new
linux ltfs,10,,,,LTFS,/resources/ltfs,new
ltfs linux,10,,,,LTFS,/resources/ltfs,new
ltfs meaning,10,,,,LTFS,/resources/ltfs,new
ltfs software,10,2,20,lto software,LTFS,/resources/ltfs,new
ibm ltfs,10,,,,LTFS,/resources/ltfs,new
ltfs tape,10,,,,LTFS,/resources/ltfs,new
lto tape library,80,6,400,tape libraries,Libraries and autoloaders,/lto-tape-library,new
spectra logic lto-9 tape library,40,,,,Libraries and autoloaders,/lto-tape-library,new
qualstar lto-9 tape library,20,,,,Libraries and autoloaders,/lto-tape-library,new
lto tape robot,20,,,,Libraries and autoloaders,/lto-tape-library,new
lto library,20,15,20,tape libraries,Libraries and autoloaders,/lto-tape-library,new
spectra t50e lto-9,20,,,,Libraries and autoloaders,/lto-tape-library,new
dell powervault ml3 lto-9,20,,,,Libraries and autoloaders,/lto-tape-library,new
lto tape libraries,20,,,,Libraries and autoloaders,/lto-tape-library,new
tape library lto,20,,,,Libraries and autoloaders,/lto-tape-library,new
lto-10 tape libraries,10,,,,Libraries and autoloaders,/lto-tape-library,new
quantum scalar i3 lto-9 official,10,,,,Libraries and autoloaders,/lto-tape-library,new
lto tape library data center,10,,,,Libraries and autoloaders,/lto-tape-library,new
quantum scalar i3 lto-9,10,,,,Libraries and autoloaders,/lto-tape-library,new
hpe msl lto-7 sas drive upgrade kit,10,,,,Libraries and autoloaders,/lto-tape-library,new
hpe msl lto 6 ultr 6250 fc drive upg kit,10,,,,Libraries and autoloaders,/lto-tape-library,new
lto 10 tape library,10,,,,Libraries and autoloaders,/lto-tape-library,new
dell emc ml3 lto-9 sas hh tape drive xw56f,10,,,,Libraries and autoloaders,/lto-tape-library,new
oracle storagetek sl150 lto-9,10,,,,Libraries and autoloaders,/lto-tape-library,new
dell powervault ml3 lto-9 official,10,,,,Libraries and autoloaders,/lto-tape-library,new
lto 6 autoloader,10,,,,Libraries and autoloaders,/lto-tape-library,new
spectra t950 lto-9,10,,,,Libraries and autoloaders,/lto-tape-library,new
lto tape lifespan,40,0,0,lto tape lifespan,Lifespan and shelf life,/why-tape/lto-tape-lifespan,new
lto tape archival life 30 years,40,,,,Lifespan and shelf life,/why-tape/lto-tape-lifespan,new
storagetek lto end of service life,30,,,,Lifespan and shelf life,/why-tape/lto-tape-lifespan,new
lto tape archival life 30 years official,20,,,,Lifespan and shelf life,/why-tape/lto-tape-lifespan,new
lto tape shelf life,20,,,,Lifespan and shelf life,/why-tape/lto-tape-lifespan,new
how long do lto tapes last,20,,,,Lifespan and shelf life,/why-tape/lto-tape-lifespan,new
lto tape archival life 30 years specification,10,,,,Lifespan and shelf life,/why-tape/lto-tape-lifespan,new
lto tape shelf life 30 years,10,,,,Lifespan and shelf life,/why-tape/lto-tape-lifespan,new
lto tape longevity,10,,,,Lifespan and shelf life,/why-tape/lto-tape-lifespan,new
lto tape 30 year archival life,10,,,,Lifespan and shelf life,/why-tape/lto-tape-lifespan,new
lto tape archival lifespan,10,,,,Lifespan and shelf life,/why-tape/lto-tape-lifespan,new
lto tape archival life 30 years source,10,,,,Lifespan and shelf life,/why-tape/lto-tape-lifespan,new
how long does lto tape last,10,,,,Lifespan and shelf life,/why-tape/lto-tape-lifespan,new
lto-10 migration,30,,,,Migration and conversion,/resources/lto-tape-migration,exists
lto tape data to cloud,30,,,,Migration and conversion,/resources/lto-tape-migration,exists
lto tape conversion,30,,,,Migration and conversion,/resources/lto-tape-migration,exists
lto tape data migration,30,,,,Migration and conversion,/resources/lto-tape-migration,exists
lto tape data transfer,30,,,,Migration and conversion,/resources/lto-tape-migration,exists
lto migration,10,,,,Migration and conversion,/resources/lto-tape-migration,exists
lto tape news,250,,,,News,/lto-tape-news,new
lto tape news today,70,,,,News,/lto-tape-news,new
lto news,50,,,,News,/lto-tape-news,new
tape storage news today lto,10,,,,News,/lto-tape-news,new
lto tape news today 2025,10,,,,News,/lto-tape-news,new
lto price,40,26,100,lto price,Price and cost,/lto-tape-price-trend,exists
lto calculator,30,,,,Price and cost,/lto-tape-price-trend,exists
lto tape cost per tb,20,,,,Price and cost,/lto-tape-price-trend,exists
lto tape cost per tb 2024,10,,,,Price and cost,/lto-tape-price-trend,exists
lto tape cost,10,,,,Price and cost,/lto-tape-price-trend,exists
lto-9 tape cost per tb 2025,10,,,,Price and cost,/lto-tape-price-trend,exists
quantum lto 9 tape price,10,,,,Price and cost,/lto-tape-price-trend,exists
lto 8 drive price,10,,,,Price and cost,/lto-tape-price-trend,exists
emc lto tape drives price,10,,,,Price and cost,/lto-tape-price-trend,exists
lto-9 tape price,10,,,,Price and cost,/lto-tape-price-trend,exists
lto-10 release date,10,42,50,lto tape drive,Roadmap and LTO-11,/lto-roadmap,new
lto generations,10,,,,Roadmap and LTO-11,/lto-roadmap,new
lto-11,10,,,,Roadmap and LTO-11,/lto-roadmap,new
lto 11,10,,,,Roadmap and LTO-11,/lto-roadmap,new
lto roadmap,10,4,60,lto tape drive,Roadmap and LTO-11,/lto-roadmap,new
lto consortium,10,,,,Roadmap and LTO-11,/lto-roadmap,new
lto 11 release date,10,,,,Roadmap and LTO-11,/lto-roadmap,new
lto tape,1100,12,1500,lto tape,What is LTO (pillar),/lto-tape,new
lto storage,150,0,60,lto storage,What is LTO (pillar),/lto-tape,new
lto tape storage,90,3,350,lto tape,What is LTO (pillar),/lto-tape,new
linear tape open,70,0,1100,lto tape,What is LTO (pillar),/lto-tape,new
lto backup,60,1,100,lto 8 tape drive,What is LTO (pillar),/lto-tape,new
lto tape backup,60,3,300,tape backup,What is LTO (pillar),/lto-tape,new
linear tape-open,50,22,1500,lto tape,What is LTO (pillar),/lto-tape,new
lto ultrium,50,39,200,lto tape,What is LTO (pillar),/lto-tape,new
lto archive,30,43,1600,lto tape,What is LTO (pillar),/lto-tape,new
lto magnetic tape,30,,,,What is LTO (pillar),/lto-tape,new
tape backup lto,30,,,,What is LTO (pillar),/lto-tape,new
what is lto tape,30,0,1100,lto tape,What is LTO (pillar),/lto-tape,new
lto archiving,30,,,,What is LTO (pillar),/lto-tape,new
lto data storage,30,0,60,tape data storage,What is LTO (pillar),/lto-tape,new
linear tape open technology,20,,,,What is LTO (pillar),/lto-tape,new
what is ultrium,20,0,30,ultrium metal,What is LTO (pillar),/lto-tape,new
lto world,20,0,10,lto world,What is LTO (pillar),/lto-tape,new
lto磁带,10,,,,What is LTO (pillar),/lto-tape,new
backup lto,10,,,,What is LTO (pillar),/lto-tape,new
накопители lto,10,,,,What is LTO (pillar),/lto-tape,new
tape lto,10,14,1300,lto tape,What is LTO (pillar),/lto-tape,new
dlt lto,10,,,,What is LTO (pillar),/lto-tape,new
ultrium lto,10,62,100,lto storage,What is LTO (pillar),/lto-tape,new
lto tape meaning,10,,,,What is LTO (pillar),/lto-tape,new
lto ultrium tape,10,,,,What is LTO (pillar),/lto-tape,new
lto encryption,10,,,,What is LTO (pillar),/lto-tape,new
lto tape archival storage,10,,,,What is LTO (pillar),/lto-tape,new
linear tape-open (lto),10,,,,What is LTO (pillar),/lto-tape,new
lto backups,10,,,,What is LTO (pillar),/lto-tape,new
ленточный накопитель ultrium,10,,,,What is LTO (pillar),/lto-tape,new
what is lto storage,10,,,,What is LTO (pillar),/lto-tape,new
